text,label
quite much film quite excellent rather just interesting just,1
a much somewhat although forgettable rather a made poorly weak was movie,-1
somewhat little boring a script very rather quite film awful terrible overall is movie poor,-1
although overall hated actually is dull although plot is acting hated too terrible very disappointing,-1
liked story worth characters quite excellent acting much was is much much,1
well awful is great movie acting great acting movie actually,1
script skip skip terrible bad is awful characters characters however however but,-1
characters somewhat just recommend interesting good solid pretty just interesting much very pleasant script although,1
little acting is not although plot characters terrible good plot waste,-1
plot story good actually worth film boring poor but weak not,-1
good film acting not bad film enjoyed much still interesting great,1
movie however very fun is overall rather however fine a decent great somewhat,1
somewhat but plot although avoid movie hated but however,-1
fun dull good quite slow waste awful not plot but just actually,-1
interesting overall was enjoyed fun the just great quite,1
poor little little somewhat very enjoyed somewhat however great,1
film poor avoid characters awful plot just dull too avoid,-1
weak was disappointing rather waste actually somewhat weak however,-1
fine is quite overall story little well was enjoyed plot,1
is plot although made but skip weak too a just quite story acting hated poorly,-1
still much a excellent liked a but script rather poor still however recommend actually,1
slow much hated actually script overall slow interesting actually very,-1
but fun too actually solid film well story but plot although the script,1
movie characters very film interesting fun too little much,1
awful still overall was actually well was was disappointing quite,-1
poor script characters the terrible hated too actually script bad forgettable,-1
a script recommend much although not too cheap just however overall waste,-1
story actually interesting quite worth excellent enjoyed actually actually,1
liked movie good actually slow although still decent highly overall fine characters pleasant plot recommend,1
movie still disappointing fine solid the is is story,1
story just actually worth is excellent rather good actually somewhat actually somewhat characters enjoyed excellent,1
the skip quite skip film skip great script terrible boring a however overall story,-1
overall liked overall great still the however recommend,1
bad was boring actually much avoid waste is rather story film movie,-1
still liked however a too waste excellent too although just but script pretty good,1
script weak excellent however too recommend film done fun is nicely little,1
but slow cheap a rather too plot the dull somewhat boring quite,-1
film decent cheap still little overall too just decent decent,1
dull disappointing much actually awful characters very little too plot,-1
well film overall interesting too acted rather somewhat rather hated well,1
rather too disappointing a awful story slow awful too disappointing although,-1
actually actually little the just somewhat much dull cheap a bad too,-1
characters fun well still is story too excellent a but,1
story quite very too actually is boring disappointing is very weak bad,-1
actually fun much very story made characters very well liked however but,1
movie overall recommend still plot interesting little great,1
not the little film characters recommend boring fun was but well quite the enjoyed script,1
script little acting waste rather story slow,-1
still still terrible terrible skip story rather actually quite,-1
poorly too a actually just poor awful somewhat little liked however just made,-1
although terrible much forgettable acting just awful actually slow,-1
not movie however little terrible slow is cheap good rather poor characters poor,-1
is slow pretty forgettable bad awful script just plot overall,-1
was rather was still weak poor slow the still overall script movie,-1
the was cheap avoid quite just excellent the script,-1
script well actually a very bad overall recommend not worth enjoyed somewhat plot great,1
fun good story just although movie is a liked actually the little very fine,1
well still poor a is rather decent the characters just,1
awful overall disappointing acting actually story cheap awful the film the a however awful still,-1
very a script just movie slow cheap slow somewhat awful movie,-1
just pretty waste awful waste overall acting bad but weak a,-1
just acting skip bad too but cheap quite plot characters was plot avoid cheap,-1
recommend great fun plot too quite highly acting script movie overall liked acting actually,1
however recommend nice much highly overall fun little acting script,1
script fine much although plot well enjoyed made but but just actually little,1
plot rather bad solid great worth is somewhat although solid was little plot recommend not rather,1
recommend characters boring but script however film very acting but not still just waste,-1
recommend overall little acting overall much fine just film avoid highly much decent,1
little boring boring plot quite cheap overall quite although however acting awful terrible,-1
a solid movie recommend much but was much the just enjoyed forgettable,1
slow just cheap just boring dull acting just avoid quite actually overall little,-1
the still dull poor somewhat little story too characters boring acting poor,-1
badly quite too written but story bad plot avoid somewhat,-1
film although story is too plot pleasant solid a script worth was fun decent,1
still quite is film interesting however interesting although just pleasant much,1
just well worth nice good still rather not boring pleasant still somewhat,1
however was well story excellent actually actually,1
plot still nice acting was not actually poor decent film boring,1
waste still interesting enjoyed recommend movie pleasant nice film movie too,1
script little the too too fun the but solid film skip,1
good waste movie although actually although just boring somewhat excellent disappointing characters characters not,-1
was somewhat well quite rather interesting worth well was the very film written too liked,1
somewhat film fun actually script however movie enjoyed rather however recommend is fine,1
although good slow the not awful the was hated plot terrible,-1
the much story however much interesting little liked just good well well characters movie but,1
very acting movie very characters very movie acting although a fine recommend,1
although well plot script great a acting solid fine was plot,1
just solid recommend characters somewhat characters actually,1
plot rather well overall worth is very little movie pleasant nice enjoyed good still made,1
worth rather story poor waste too not but avoid acting although little,-1
still actually much a a although terrible skip great not,-1
but little badly overall written although very too a disappointing actually boring,-1
just quite solid movie although highly enjoyed actually recommend,1
hated a overall bad but movie plot somewhat,-1
hated bad poor pretty little movie quite quite actually just,-1
still worth done recommend quite still decent nicely overall recommend somewhat,1
quite the recommend liked plot good excellent very very is recommend was,1
bad worth script somewhat was rather hated still disappointing the quite skip,-1
actually script decent quite still somewhat interesting plot too rather acting rather enjoyed,1
movie too too movie much bad the awful avoid script awful quite was,-1
recommend plot script acting worth fine although well script characters little pleasant,1
quite worth just worth solid however acting a fun a although quite solid,1
script movie movie still disappointing slow was just,-1
rather terrible a was plot fine although boring weak rather script waste quite terrible boring quite a,-1
liked slow the although good movie overall too actually avoid disappointing cheap actually the not very hated,-1
pleasant plot terrible story the but forgettable was disappointing film quite however plot,-1
still a actually awful written characters weak boring forgettable acting overall however however script rather badly hated,-1
well great still story was very enjoyed somewhat is liked much quite quite,1
awful however decent well highly acting overall actually movie was was recommend somewhat nice worth film,1
solid acting script story waste story was written very much well fun worth interesting actually well,1
little good boring quite not bad rather avoid very but although quite but,-1
skip poor quite movie just forgettable quite was somewhat somewhat script not poor boring quite recommend is,-1
enjoyed a film little film pleasant although very good just too however just,1
still slow is avoid quite still much script bad boring,-1
poor very too is avoid quite movie,-1
worth plot story little not a skip rather a film forgettable overall terrible,-1
not movie nice characters however just well characters a decent pleasant boring acting pleasant much,1
script boring is just enjoyed acting not a actually rather actually well great excellent recommend but is,1
pretty slow rather actually boring script actually somewhat bad avoid acting was,-1
written good story well is story was although however rather recommend worth solid too rather,1
forgettable however awful a still dull rather acting excellent slow film dull however plot,-1
quite quite awful plot although much quite a quite avoid waste cheap avoid,-1
terrible overall avoid little script actually awful somewhat script little rather slow,-1
boring rather great hated the quite a just but actually terrible much boring was film,-1
worth dull is although script movie poor hated not acting fine although poor slow,-1
fun the script the waste film actually story fine very liked enjoyed however was fun,1
somewhat awful too overall still movie acting overall somewhat rather weak,-1
liked movie somewhat solid recommend little is pleasant decent still somewhat although,1
liked well actually actually acted the but quite nice excellent,1
however acting script well film bad the however fine interesting although,1
enjoyed well story very very nice written somewhat acting,1
however poorly actually bad was somewhat boring little poor made much bad,-1
recommend the characters characters although recommend highly nice the is rather,1
plot forgettable waste but bad was rather was dull,-1
was plot overall terrible not acting however acting worth hated boring story,-1
quite recommend somewhat fun although a pleasant is but but,1
waste somewhat little forgettable recommend acting much too a,-1
interesting enjoyed pretty however story film excellent good actually quite,1
poor is plot bad disappointing very story however bad slow rather,-1
skip awful too the story overall still,-1
movie badly actually slow little quite written boring skip a overall forgettable,-1
movie not decent somewhat bad pleasant worth still too characters rather plot,1
actually liked well plot film a plot solid good,1
highly excellent waste very good much is very interesting characters recommend fun quite fine actually,1
too too too forgettable just weak quite film although boring much,-1
the a great too although script acting well film too good well interesting a,1
cheap characters just overall dull still much story overall,-1
script enjoyed quite little however cheap great rather a,1
waste somewhat disappointing story boring too not was but rather still bad terrible worth,-1
much terrible plot characters is awful actually boring,-1
actually decent bad just recommend not movie characters good rather fun somewhat,1
film liked too overall although quite somewhat very actually good interesting very solid,1
decent forgettable is characters too too decent the however,1
the boring actually although overall plot script somewhat awful plot acting skip acting quite,-1
disappointing poor although much acting much rather was film disappointing not film the good terrible story,-1
great awful overall however however plot but not weak awful hated worth slow,-1
recommend little plot movie a overall enjoyed overall not boring but actually interesting movie,1
plot much story although characters worth movie fun just quite,1
rather just pleasant good somewhat somewhat movie enjoyed overall fun quite just actually actually,1
just just actually but the much somewhat however decent waste recommend the story,1
somewhat interesting a still nice just very overall much recommend script little still,1
plot rather forgettable movie poor slow disappointing although disappointing was actually,-1
excellent script although very movie little film plot too plot recommend movie good acting,1
little plot although recommend boring great great pleasant script highly fine somewhat,1
interesting acted script quite story fine but overall acting the enjoyed too well,1
script well recommend although decent highly little too nice quite just was overall is,1
acting fun but although interesting a but pleasant bad decent although a,1
excellent somewhat story the boring overall bad too a is,-1
pleasant still was a acted fun overall solid movie rather well nice acting story still excellent,1
although film overall weak however dull characters a excellent too somewhat rather,-1
quite excellent script much story recommend highly was excellent,1
dull actually rather much just film still the characters film just slow,-1
acting a characters movie bad a still poor,-1
excellent is acting film good liked interesting was story somewhat but,1
dull is was very dull still too characters waste,-1
however too decent movie however but just decent enjoyed little although,1
rather plot done pleasant although fun overall too fine actually characters film nicely characters pleasant worth,1
movie forgettable story but cheap nice plot avoid much is disappointing still,-1
quite fine nice is however plot worth although story although still boring solid,1
still still movie skip terrible actually terrible film is was slow the,-1
story still still film great interesting just still a quite movie fun very,1
well worth acted still the very excellent recommend very just interesting movie,1
liked rather recommend excellent although plot quite worth somewhat enjoyed was still,1
plot but very very film a hated however hated boring very boring too slow disappointing,-1
characters excellent film acted nice story is a plot well the however nice good,1
poor movie forgettable is much film still but,-1
terrible actually little waste was recommend quite great is dull story the poor not but still,-1
rather excellent plot much much story quite actually excellent enjoyed good fine script was,1
actually forgettable however plot was but disappointing plot enjoyed bad good not awful characters,-1
overall still much fine great somewhat plot much plot was nice fun good very pretty boring actually,1
well however well however was decent fun movie little very plot the,1
bad very very very avoid a story too too avoid very but,-1
is worth great acting fun fine story acted characters rather story well acting was characters,1
quite forgettable still waste very weak actually rather acting slow just actually although overall plot poor cheap,-1
fine good excellent film was quite fun very acting great is interesting acting,1
solid still just solid rather film solid the excellent script,1
characters little awful the just hated not very worth skip,-1
film a although recommend great story enjoyed acting recommend is somewhat,1
rather made somewhat characters well excellent still actually interesting somewhat the,1
disappointing pretty acting still acting still bad forgettable forgettable although hated,-1
actually overall well great decent enjoyed still good very nice made quite terrible,1
movie very film waste bad pleasant just was the bad avoid acting too story avoid bad,-1
dull was awful is made much slow slow poorly terrible somewhat very fine overall,-1
solid story pleasant actually quite pleasant rather acting interesting rather overall fine,1
little slow overall acting cheap overall skip dull rather,-1
is overall pleasant solid although fine recommend characters still however but fine but actually the,1
movie just was pleasant not pleasant very much rather rather actually boring,1
hated boring a too not movie dull story very worth,-1
cheap plot too slow however the waste too still cheap actually somewhat,-1
nicely excellent actually solid acting done acting nice however just the liked,1
fine movie just rather well rather somewhat fine much too acted great much the but,1
actually skip written a badly hated much rather cheap story,-1
bad characters rather script good although script little story rather rather skip,-1
well was somewhat plot forgettable acting pleasant overall acting actually actually,1
enjoyed pretty excellent interesting solid was story good little overall actually liked,1
but skip overall disappointing much overall a actually however story movie,-1
boring poor film forgettable is forgettable however story still just was characters,-1
however awful acting terrible characters much skip but a not quite rather avoid movie is great,-1
good actually liked was however liked excellent still however great film,1
not quite bad a actually was great well great good was but movie film pleasant,1
actually a good a somewhat slow story story film rather excellent,1
the however terrible forgettable overall too plot avoid,-1
very movie film a characters good fine script pleasant very is plot film solid,1
script the solid story well forgettable the well acted somewhat story however,1
was very somewhat just overall great solid however but excellent fun just,1
excellent just poor film rather just not acting movie actually bad just plot forgettable great dull just,-1
much characters characters still little solid acting interesting boring characters not film interesting quite,1
quite slow film quite cheap movie overall,-1
good although actually bad characters little bad not still,-1
overall much although decent acting pleasant but solid script well just,1
rather too very not characters forgettable dull great too awful,-1
rather is cheap characters waste little was skip script skip waste,-1
slow although forgettable little very story actually the,-1
very little good is decent acting film movie recommend is movie recommend,1
movie but skip although still was however actually cheap forgettable very much boring terrible just,-1
fine but the nicely good film done story movie still movie overall liked,1
was pretty avoid but quite a cheap bad much quite was dull story,-1
great the interesting although fine enjoyed characters overall weak good plot actually,1
cheap acting disappointing somewhat forgettable very worth waste rather however too not,-1
was rather quite well characters liked somewhat interesting was quite interesting liked,1
too much overall cheap the forgettable script weak film cheap,-1
bad film pretty too very but just too avoid much awful awful rather,-1
not is movie bad rather overall little story interesting story a characters decent enjoyed just hated,1
fun acting nice poor enjoyed characters nice acting characters overall,1
solid worth somewhat rather decent liked however worth somewhat rather a is,1
somewhat dull great not disappointing poor plot dull plot quite although was movie,-1
forgettable overall although quite little characters pleasant waste recommend movie not terrible skip,-1
acting excellent however movie the enjoyed overall weak great actually fun actually but little recommend,1
pretty disappointing film very actually terrible skip plot waste story but bad script is hated,-1
the characters boring much characters the a still quite characters quite dull poor story,-1
quite acting excellent just still story although good rather bad little fun too a,1
well overall interesting just still is acting still a interesting although although fun,1
rather the hated although movie enjoyed just boring waste rather the avoid somewhat,-1
rather was nice movie a not acting disappointing actually recommend however actually dull actually still disappointing,-1
film is interesting not very excellent acting film well great bad enjoyed but rather,1
not great disappointing cheap avoid script although quite quite disappointing although too too skip although,-1
however decent just interesting solid however however a,1
fun not boring although well actually plot although somewhat pleasant well liked very acting but,1
well was liked characters nice but the was quite pleasant however,1
avoid but a although overall plot cheap although very actually,-1
however however plot film good too however great well too enjoyed,1
excellent acting decent actually a quite decent characters overall little good is film great,1
film however film but movie actually terrible avoid however was much the skip skip skip,-1
written movie too but overall much badly forgettable disappointing plot,-1
too avoid the overall movie waste avoid actually quite hated story enjoyed however little rather,-1
boring the characters waste quite not much film liked actually rather liked,1
slow somewhat the a acting slow quite dull script although forgettable however boring the rather waste,-1
weak slow not plot plot somewhat worth dull plot very too waste disappointing little rather,-1
acting boring little not rather much well liked a script nice great fine quite,1
was was quite poor dull disappointing very quite not although overall the forgettable film great is,-1
plot excellent film just very overall fun,1
hated rather characters movie interesting excellent overall acting fine is very overall but just,1
interesting decent well just story rather somewhat pleasant but,1
boring little acting skip terrible just film script film film poor,-1
was overall weak little very but dull but not overall cheap great avoid movie but cheap characters,-1
forgettable boring but movie quite boring too skip plot weak actually,-1
little decent rather bad fun actually interesting a just good interesting,1
well liked still movie not just boring just rather well however movie script is,1
still pleasant acting much the still movie solid just quite much,1
still enjoyed too decent acted much well story acting a characters great script,1
liked fun plot acting fun film worth the recommend actually,1
just movie story somewhat is however pleasant much good the,1
waste although slow rather slow awful too awful script movie too,-1
enjoyed fun acting nicely interesting although done very recommend characters movie but a fun the story,1
script quite plot nice although but rather weak overall excellent,1
great just just film overall poor hated poor quite not plot waste skip,-1
fun a recommend interesting although highly recommend a skip is film excellent quite however fun too story,1
somewhat is just dull terrible cheap too actually overall very somewhat,-1
slow however acting bad skip just film skip overall weak characters plot,-1
avoid rather the rather very although poor rather but just characters acting,-1
decent story skip recommend bad was interesting characters good was actually not,1
awful hated not a plot is cheap a good characters avoid weak rather,-1
just acting overall too awful boring too still slow skip,-1
recommend somewhat excellent however nice but however was highly actually decent although a,1
script however acting awful excellent but little fun acting pleasant is interesting,1
recommend however actually the recommend well good script made quite decent acting much although script,1
decent good just well however quite weak characters very too plot story,1
disappointing awful boring but film interesting is although actually characters a actually,-1
is little great rather quite although rather somewhat rather fine,1
just poor interesting too actually awful characters a quite characters actually very,-1
rather overall quite awful hated was the avoid story,-1
still still great just enjoyed very script acting quite recommend good,1
just too poor actually story hated film a somewhat plot just but,-1
solid actually a however good film somewhat pleasant worth pretty fine acting fine,1
still just the weak but quite a quite very nice skip terrible skip still,-1
although excellent script little very overall actually acting just too fun,1
little quite nice pleasant well done somewhat nicely fun just fun movie acting little much story,1
a much is decent well slow acting script quite good much too plot however,1
was slow although but weak but however made terrible was a poorly rather acting,-1
acting much still story is plot well good film acting quite still,1
forgettable film the little acting quite movie very slow is,-1
film fun nice however excellent plot was good still interesting,1
good but much forgettable poor the great forgettable bad bad not the very somewhat the,-1
characters somewhat however just but fun waste just however interesting however but,1
nice a poorly acting made forgettable story waste bad the quite,-1
just well but the quite worth however excellent good script but acting but just nice,1
still interesting is nice forgettable well although however acted is fun is,1
characters but although very however well nice quite good still enjoyed plot very,1
script bad a very dull quite actually fun terrible dull but the poor little characters,-1
however film well great script quite a little is fun script written however,1
disappointing just characters avoid cheap terrible somewhat waste much quite,-1
is however dull a hated script is the,-1
script actually film hated but forgettable just the too weak somewhat is awful plot,-1
story weak slow characters liked skip slow awful very a story was although film just the,-1
although acting hated characters was was much was pretty hated bad disappointing cheap is,-1
fine nicely characters but done good enjoyed much much interesting the good,1
pleasant story but dull film a script the was but worth,1
is however characters rather boring story cheap movie poor poor however,-1
a quite was although written interesting solid rather well film pleasant,1
bad dull disappointing boring is overall much awful movie however very,-1
made story poorly acting slow plot however characters little quite although skip forgettable forgettable,-1
film poor interesting pleasant however interesting very much plot little good good very,1
movie still acting hated movie interesting was characters great plot great although but rather,1
hated plot actually the little quite the little awful waste not little but good very,-1
however movie the however but solid pleasant done was actually script nicely great fine but boring quite nice,1
movie awful quite poor however very cheap just forgettable plot still characters poor the overall,-1
a just hated poor was much slow very movie hated rather little,-1
script however too boring however cheap little forgettable awful worth weak,-1
not is awful although overall is poor rather just good plot just somewhat,-1
quite story slow quite the movie film still terrible disappointing,-1
characters although acting plot characters weak very movie poor although bad,-1
awful somewhat slow very a is rather is terrible somewhat dull,-1
overall script was overall too pretty enjoyed a quite good too plot still interesting,1
plot enjoyed acting poor fine a much a,1
much much great enjoyed too story done nicely rather actually decent,1
the forgettable cheap still awful somewhat pleasant film quite is avoid little,-1
overall fine actually a just slow solid a acting actually made rather well,1
but acting somewhat waste weak the just little script was but,-1
very characters poor quite quite still very bad very too still poor script,-1
decent decent enjoyed much rather acting pleasant rather is was interesting,1
little excellent not well but although but good boring good actually still,1
film avoid cheap quite boring quite is the solid still acting overall actually slow,-1
movie actually film too story weak script plot awful,-1
fun poor still fun plot story recommend quite overall somewhat actually very pleasant although,1
fun recommend slow actually pleasant highly little still however interesting however well much,1
much skip skip slow actually is movie very very characters cheap,-1
somewhat excellent just actually solid was quite nice somewhat enjoyed the plot just fun plot,1
written although story just plot just actually fine well very the interesting,1
script excellent still good quite rather quite a is movie well somewhat avoid story pleasant story good,1
acting hated not characters is too characters was characters poor worth,-1
very but acted enjoyed plot well just interesting but overall however very nice plot very,1
characters disappointing acting bad actually bad quite story was very,-1
very excellent but acted well overall fine hated although just a plot liked but,1
but poor acting acting but plot although cheap awful just too story although,-1
little although however little is bad little acting disappointing somewhat actually very,-1
poor dull although disappointing poor much but plot is,-1
very somewhat very still but was a quite excellent liked,1
although still is cheap slow somewhat too,-1
interesting was boring decent fun rather not overall although overall,1
the quite terrible although is waste is but very is interesting waste rather boring quite hated,-1
a story forgettable just but forgettable terrible plot,-1
quite characters script waste but disappointing poor waste although just a a terrible,-1
but characters overall avoid quite bad much overall little poor,-1
interesting recommend the quite good little is the little was cheap,1
acting acting poor however slow quite avoid avoid little plot weak too forgettable very,-1
somewhat story hated not is enjoyed very although boring little much solid,1
much a boring little acting characters poor however good terrible,-1
movie just hated is not bad good film film was rather terrible but plot quite,-1
characters quite boring but boring slow just quite characters a,-1
too solid a movie although story acting very a disappointing is good interesting enjoyed pretty quite,1
too avoid was cheap is very film slow very very awful slow,-1
enjoyed interesting the movie fine script quite too great very,1
was interesting solid interesting quite very nicely solid somewhat great overall done still the,1
film great although too quite good nice very still,1
avoid great too good story however plot film fine film script the little still,1
nice nice nicely rather done good movie actually characters quite slow recommend,1
decent nice somewhat was recommend highly movie recommend movie great pleasant actually,1
very characters was too fun film good was however,1
however too much is movie quite rather interesting a much actually worth,1
somewhat made acting bad much boring overall acting forgettable weak poorly boring,-1
great the recommend written little is is still well actually decent,1
awful is movie actually still just story avoid,-1
overall good but the actually good film is,1
acting script story nicely worth still decent disappointing rather but done,1
boring characters acting although great but not well the great,1
poor story quite very decent but overall acted although script interesting well characters,1
was but terrible was the bad story dull film,-1
somewhat too characters very still nice enjoyed was characters,1
but interesting somewhat too story well liked made very nice very film nice decent characters script,1
still rather worth is excellent however worth however nice too well acted the actually,1
dull great not forgettable forgettable overall was movie film movie skip is somewhat skip,-1
highly script nice too too too somewhat the recommend worth fun fun,1
pleasant very little decent actually very overall movie story liked excellent but terrible script too,1
movie fine script but still boring actually boring characters film a movie actually waste,-1
rather well was good recommend great still too actually story interesting somewhat much the highly fine,1
was pleasant well recommend acting still quite is somewhat story interesting,1
still was much good good pretty was decent nice interesting well hated actually,1
overall plot overall rather forgettable rather story dull too story forgettable,-1
very movie actually somewhat worth still the enjoyed just a the overall,1
is hated the little film somewhat just very a little characters skip,-1
characters skip just written cheap hated is script liked badly the little still,-1
still waste a waste too however forgettable boring quite overall nice,-1
worth overall is well good recommend made a very just characters the,1
actually acting very weak slow quite quite very weak skip poor but although rather weak,-1
awful rather acting nice rather actually however terrible quite,-1
movie although film just overall very very weak skip the was characters,-1
quite very just script disappointing forgettable interesting characters plot boring acting,-1
however a is too but just enjoyed great liked overall somewhat but was,1
skip characters movie script rather forgettable still overall awful,-1
solid but script quite pretty forgettable however rather solid overall overall enjoyed good somewhat,1
avoid well although weak slow movie poor script plot was story overall,-1
script movie skip too actually enjoyed forgettable overall rather quite skip film characters awful,-1
although a too somewhat interesting solid story film but liked script still,1
very interesting script film movie script script a good just dull little great excellent the,1
waste terrible somewhat skip disappointing pleasant film little weak film very,-1
enjoyed decent although acting script but fun too too solid is acting,1
interesting excellent very the good although was a interesting was,1
plot actually boring acting pretty bad actually was the too slow a very slow skip avoid script,-1
but but script disappointing bad overall was overall however poor cheap acting but,-1
was avoid quite however quite enjoyed movie boring but boring script,-1
is but script a quite boring movie actually forgettable but terrible,-1
boring terrible is hated film very a dull characters quite movie film script excellent,-1
fine highly liked overall fun recommend plot too recommend movie rather however acting recommend,1
little hated a but is waste well a somewhat,-1
just hated quite little awful was just overall much however,-1
the excellent well well is decent although done nicely liked although characters,1
recommend pleasant story great film decent the highly movie interesting awful good script overall,1
movie dull written cheap much characters avoid was movie somewhat plot poor too badly,-1
however too somewhat little bad terrible just script but badly written quite quite cheap story,-1
hated although still script movie slow acting just acting rather hated still,-1
boring the film avoid acting very movie story very however actually slow boring characters terrible,-1
very enjoyed the quite well written plot although overall just enjoyed worth script interesting,1
too rather worth quite actually fun but little little,1
skip actually film waste waste although however was avoid just,-1
somewhat acting fun was enjoyed worth still the a too overall,1
story quite a very just just film although dull actually although awful not worth avoid,-1
plot is awful slow disappointing story actually the the boring somewhat dull still enjoyed,-1
cheap film although film forgettable actually somewhat acting too still slow script,-1
a story waste script little well however much good written fine well quite,1
rather not awful characters story very actually great very quite bad well,-1
awful the was forgettable characters boring boring was still skip quite,-1
badly but very film movie terrible dull cheap written acting interesting story rather,-1
however liked hated slow very was a although script boring little movie,-1
just however slow just very slow avoid film still a poor story was awful nice,-1
was although was great plot still story good decent characters pleasant,1
fun bad characters actually characters solid pleasant solid little the not poor quite characters a,1
great story disappointing actually a liked although is,1
excellent acting film actually plot worth liked the although much too terrible,1
skip still actually terrible plot still movie a script is dull,-1
solid much the characters very too enjoyed actually,1
skip slow the was too a story actually film bad too much rather,-1
overall rather still much is made boring quite very disappointing overall although poorly story,-1
just just somewhat a decent excellent fine but fun very worth,1
slow somewhat a movie boring still somewhat although however quite still avoid much,-1
actually overall just bad waste rather quite poor pretty overall,-1
was well actually much just well pleasant liked worth actually was somewhat,1
the not too solid boring overall the but great,1
the story film however forgettable bad very but skip,-1
great somewhat well is very recommend decent very acted a enjoyed boring,1
movie story script bad film although waste still pretty slow,-1
somewhat somewhat disappointing acting dull the not characters however worth waste,-1
actually nice little but little much the script the rather great,1
actually was pleasant somewhat excellent worth pleasant fine somewhat script very little but,1
hated a quite too waste was script quite film overall but very enjoyed dull skip,-1
boring script very slow acting actually disappointing story poor however script actually a actually,-1
rather acting boring is actually rather enjoyed was not liked still,1
waste characters acting rather is poor dull the story slow was much,-1
good highly interesting very acting rather film quite excellent very recommend actually,1
cheap just somewhat terrible just much much dull avoid,-1
dull dull however weak nice although weak script is little,-1
dull recommend skip not actually characters rather little quite script dull avoid boring a actually was,-1
still story very good little still excellent rather a enjoyed good well just acting,1
acted somewhat a somewhat rather recommend liked too worth well pleasant,1
disappointing much movie hated hated story avoid the rather made script poorly waste,-1
slow is although actually excellent somewhat skip story was,-1
script script film highly interesting plot recommend good fun interesting overall characters is is,1
fine cheap overall rather quite well very good actually decent overall characters however decent although decent too little,1
film dull terrible bad however quite much film boring however overall waste is however,-1
is the not the plot somewhat boring film great very hated disappointing still actually plot,-1
avoid awful story excellent forgettable little very poor overall somewhat characters boring movie rather much quite,-1
much overall still story although story still film slow boring acting hated dull the,-1
rather cheap too overall skip just characters quite is dull,-1
enjoyed much good characters the film quite somewhat good actually was,1
somewhat quite script enjoyed disappointing liked too a very although acting story,1
script too a nicely still well however quite fun done well acting,1
although bad somewhat badly story written waste poor however poor however just movie,-1
cheap quite characters too characters boring recommend a although was skip excellent not cheap cheap movie,-1
however excellent solid a is still fun story liked very worth,1
boring plot too slow a characters skip quite a movie awful terrible little,-1
still skip characters movie dull movie however but actually avoid weak somewhat bad,-1
enjoyed too pleasant enjoyed still good a overall worth quite plot film,1
however good slow but recommend too enjoyed is too interesting too was script however fun,1
great however however quite made well plot somewhat nice good interesting script interesting,1
was weak very is although the story actually boring is acting,-1
quite disappointing plot rather story acting boring awful however plot terrible,-1
characters but enjoyed little very script was somewhat film but still fun,1
great overall somewhat story interesting waste good little fine was,1
liked but script much worth although good decent story pretty good just somewhat solid,1
highly recommend quite worth just movie a script good characters,1
decent forgettable quite the the plot made bad skip poorly quite hated actually,-1
movie film nice nice pleasant characters however fun dull a liked still,1
dull rather but great movie terrible still a a not script although,-1
rather much still great although characters decent pretty rather good great,1
acting bad boring boring script the disappointing still rather overall slow,-1
overall plot poor plot poor awful quite just boring overall not recommend avoid,-1
although dull very but although bad poor was plot avoid solid story although too cheap much cheap the,-1
much the enjoyed well is much is well much acted interesting story,1
too however too script acting too nice liked good excellent somewhat,1
avoid skip skip dull overall the very somewhat overall overall,-1
acting enjoyed excellent well a film nice a just fun,1
a very acting bad well but dull actually skip slow much forgettable script poor,-1
made slow boring however much a dull terrible awful quite was poorly characters,-1
film however pleasant well too pleasant much plot,1
cheap characters quite overall the movie actually waste very quite film boring film,-1
weak weak actually pleasant much somewhat overall much forgettable somewhat,-1
bad not quite script still but enjoyed decent decent was,1
however actually avoid slow little hated but the,-1
plot interesting enjoyed well good acted excellent is liked skip was however acting actually,1
excellent good recommend much well story little fun script quite story good,1
rather much solid somewhat a rather however overall still interesting,1
fun actually very but characters however plot acting well script plot rather,1
terrible skip too however a a quite,-1
slow hated actually waste overall boring quite hated story skip story great is,-1
bad cheap overall hated somewhat a script just still very was,-1
somewhat was the quite bad boring the actually waste,-1
film good worth script weak is was not slow disappointing bad actually,-1
but great was much nice film weak overall good excellent,1
good interesting movie very characters was interesting a the was movie script however worth plot,1
film interesting fine little is much fine recommend plot decent but somewhat,1
terrible recommend much script actually rather avoid however is badly overall written weak,-1
film decent script slow just the skip movie avoid written skip but just badly,-1
written terrible however badly story story script film recommend is forgettable was,-1
rather poor dull very however script rather little a,-1
awful nice acting the script too much decent,1
little nice much enjoyed was somewhat well acting well was film,1
disappointing cheap acting movie bad very waste acting terrible plot although overall waste,-1
well great acted very was little much excellent is somewhat recommend acting acting script acting,1
poorly avoid bad overall but film is excellent however made characters but still,-1
the poor movie boring boring poor much story acting actually avoid overall characters,-1
actually movie excellent although fine rather film quite script film solid film,1
cheap cheap film film film but plot too very a much cheap overall,-1
overall little awful dull disappointing just rather awful a movie,-1
excellent although great fine quite solid still movie just just acting,1
movie although very slow dull story disappointing skip skip plot rather,-1
very film movie acted much but well liked recommend interesting,1
was the however good fine solid worth characters fun is quite the but,1
slow film script written waste badly quite weak actually story characters actually plot the,-1
script movie however cheap although story script quite slow the,-1
still quite good much too however story very solid recommend actually much,1
too acting worth acting a not however hated good terrible somewhat avoid waste,-1
just terrible movie acting cheap still somewhat the waste disappointing film,-1
poorly overall film however although bad made script hated terrible a,-1
solid although disappointing film slow bad dull overall somewhat cheap very rather film waste,-1
good story script overall still boring little decent but script worth well worth,1
enjoyed very not story disappointing however boring very story too fine actually overall pleasant acting great,1
slow the still script film was film boring a script skip quite,-1
much well however little awful film awful although rather the,-1
too actually good enjoyed characters good nice was movie,1
quite movie however good much however worth too liked,1
just liked quite however script worth overall the,1
badly however boring written is still boring just but,-1
much fine however interesting plot plot rather characters little pleasant actually little good solid,1
awful although plot very boring overall slow slow disappointing is,-1
script poor dull movie characters still forgettable film much dull script,-1
just slow well somewhat a still was bad slow script was,-1
overall overall much film not little although bad avoid great dull little movie characters,-1
awful is hated little boring forgettable script much poor rather,-1
interesting fun nicely done acting excellent story much characters plot,1
little film very but bad bad but awful hated much awful much much acting,-1
still badly quite skip boring rather too written forgettable overall much somewhat but poor rather,-1
enjoyed overall overall decent disappointing excellent characters acting much good plot although acting still,1
overall script excellent characters actually good decent well somewhat quite much film,1
enjoyed was not good bad much story decent recommend script worth was,1
actually forgettable awful not fine worth was script although rather cheap,-1
pleasant decent acting still little but just well pleasant much somewhat good somewhat pretty nice characters is,1
boring the was great decent not overall excellent overall quite story is is is rather,1
just characters the decent worth too film very a enjoyed is script good story,1
characters somewhat very very terrible still bad however boring story much,-1
script quite worth acting story the too hated rather the waste not was avoid,-1
awful forgettable just made plot awful very film forgettable was slow poorly actually plot,-1
waste overall too a slow boring characters movie enjoyed story film,-1
story pretty too decent plot good nice little solid decent somewhat still just story film good rather,1
decent but well although liked is plot solid solid acted although decent characters,1
overall little boring characters boring somewhat plot still,-1
pleasant enjoyed story fine decent script although acting rather a not plot bad is just,1
enjoyed good just too is but solid very film interesting script,1
not somewhat great pleasant decent just boring however a great fine movie,1
actually rather actually waste forgettable actually cheap is film just,-1
is acting bad cheap quite fine overall forgettable the was movie but weak was,-1
however very pleasant the somewhat written well actually pleasant fine well,1
acting weak a little forgettable plot just bad disappointing movie but quite pretty very forgettable quite,-1
somewhat a a just slow awful very great terrible acting not somewhat,-1
recommend avoid hated although movie a just little not slow acting although but solid a script,-1
slow story not disappointing plot very however recommend very excellent,-1
quite pleasant worth great however actually still too little but however the excellent,1
somewhat still fine fun nicely overall however very done little good is movie,1
recommend story actually rather fun just script highly nice,1
boring rather the movie just overall story waste acting story slow forgettable boring quite,-1
a rather awful skip script bad characters overall slow overall very movie,-1
acting the little weak quite avoid dull film film waste script rather,-1
good much very liked solid interesting somewhat is was terrible great characters movie however the,1
terrible dull rather although good acting disappointing script however overall not slow,-1
much nice script actually somewhat the worth interesting much liked well script,1
waste film dull script poor worth bad plot not script characters a liked,-1
the overall characters too still solid well nice somewhat made solid is story,1
decent pleasant was script just story fine rather although enjoyed well little is,1
very little good nice still a story still little worth recommend very little fine little was,1
much was much disappointing but actually disappointing just overall,-1
little slow still boring but story forgettable was script,-1
quite little story somewhat pretty rather still poor weak rather but but slow is bad slow dull,-1
decent well recommend movie overall well the boring not somewhat avoid plot,1
script acting script but overall well little very terrible quite weak pretty poor plot forgettable bad story,-1
too much actually decent decent enjoyed great movie is very good story,1
quite plot although little worth solid although,1
however terrible avoid little boring not weak cheap rather script the great,-1
poor skip cheap dull skip is actually film the however still plot story,-1
very quite still avoid little acting little characters plot script avoid slow bad,-1
too enjoyed fine nice pleasant however although well movie was,1
quite cheap a weak the bad too little a just movie pretty,-1
interesting enjoyed acted decent script script well actually rather pleasant acting fine,1
is was solid somewhat acted plot however however characters well good,1
quite quite good is was much pleasant acting although well was,1
characters well liked script worth somewhat enjoyed however film rather but bad not but worth,1
cheap pretty too the bad script the cheap movie skip disappointing,-1
plot somewhat film well overall fun somewhat solid solid actually film interesting very good was,1
story solid film worth was forgettable fine rather plot little excellent,1
characters disappointing was although overall awful very acting quite hated a still well overall,-1
great was cheap poor is although not just poor acting,-1
decent nice the script movie too however acting fine script very characters film,1
however quite film but nice solid actually overall script film film slow good script excellent,1
however plot the decent plot fun solid boring excellent but but rather but not,1
is story very film story is decent however the script well,1
well pleasant much was little the well enjoyed however good quite very,1
script film slow slow great quite very awful overall movie movie,-1
pretty but actually still but actually still boring skip little bad very plot,-1
much although pleasant was but characters quite cheap nice film very,1
but fine is somewhat pleasant overall well worth well still script still little acted,1
is plot plot good solid but recommend well slow still story,1
is but very terrible movie quite avoid however overall hated dull weak overall rather a,-1
fine story a movie interesting however movie,1
the great dull quite not awful overall forgettable characters very dull too interesting awful somewhat actually,-1
but interesting overall recommend pleasant skip however characters but,1
cheap bad still was but pretty rather but plot hated very a but film waste,-1
well liked worth acted acting somewhat acting little but nice good but actually,1
disappointing very plot avoid terrible script script the film however script,-1
just somewhat acting but good terrible made recommend well a fine much script somewhat good,1
fine acting actually enjoyed movie characters little fine quite good a however nice,1
little great solid interesting is plot but too,1
was rather still rather terrible actually avoid poor disappointing film forgettable,-1
rather somewhat is is acting enjoyed however was decent recommend,1
characters awful rather script not rather script characters fine weak recommend little movie hated just skip hated,-1
although terrible movie the rather overall written terrible badly plot bad,-1
excellent overall but good plot dull good nice just but enjoyed film but very,1
characters the overall made is actually recommend but well fine interesting,1
solid rather hated a movie fine just but enjoyed,1
excellent however great film fine characters enjoyed too a good forgettable the is,1
just story too a a terrible characters but weak,-1
very overall slow much a a plot slow story very nice,-1
fun too but is enjoyed story but decent just enjoyed recommend very pretty is script good,1
acting characters rather movie although just acting was cheap well boring just characters,-1
enjoyed much quite enjoyed well poor actually solid little acting overall good,1
the poor awful disappointing film terrible film movie plot too,-1
but too the great good quite very excellent is fine,1
overall worth was very recommend great decent acting worth was,1
characters somewhat nicely pleasant overall too quite movie done overall rather movie interesting much,1
fine the very dull script hated plot poor boring but weak overall bad very,-1
very good the good quite still story nice just excellent solid,1
waste rather disappointing very skip was much actually film movie good not actually still film slow boring,-1
waste a bad characters although the but little,-1
quite plot skip although movie much plot rather badly cheap actually bad a written characters,-1
disappointing was the just skip poor the script not rather a little recommend,-1
quite enjoyed actually little rather interesting nice just script film,1
overall disappointing badly but disappointing film dull movie skip is rather however actually written,-1
terrible rather overall story was but terrible poorly however however still made,-1
too the dull slow bad story weak very actually just avoid but characters is fun awful although film,-1
solid however dull little acting overall plot actually interesting interesting is fun,1
great much somewhat characters little film a awful boring film is,-1
script although is decent still the boring somewhat the liked solid was great movie worth is,1
rather fine worth script film not but well interesting bad however worth,1
poor dull dull very but hated great awful is film still although although,-1
movie fine overall was actually is still liked script actually enjoyed liked just recommend,1
was actually characters decent just was decent acted overall however the well,1
however good avoid waste boring acting bad characters somewhat very script cheap,-1
movie little made story interesting plot recommend actually movie waste too well worth good,1
movie overall recommend although very is story very great rather rather,1
awful poor a plot quite film worth weak but not boring skip,-1
was although plot avoid although actually the but quite actually dull avoid film hated,-1
is hated well story fun just movie interesting excellent acted little nice plot but well rather,1
however overall overall weak avoid overall good plot forgettable actually not although,-1
the plot characters recommend plot although good excellent acting great good actually,1
fine nice movie film just quite very somewhat fun much cheap is somewhat,1
is just great skip was quite disappointing but just somewhat just,-1
liked skip great somewhat but but plot movie liked fine overall is plot much but,1
liked little good just movie story however interesting fun overall worth pretty,1
is slow little characters just still quite much story quite solid awful,-1
well is overall quite great good overall liked little characters good decent story a,1
too acting overall decent fun a interesting pleasant film too actually recommend story film little,1
the somewhat bad script much not a forgettable good weak slow skip still but,-1
very plot recommend fun still is quite however fun just much script disappointing very,1
plot movie overall very however forgettable rather very slow story avoid is characters decent weak,-1
solid excellent fun film somewhat story very the enjoyed is the overall nice however,1
fine acting rather nice film but fun a just,1
just was little overall weak just overall terrible waste is quite slow,-1
the very just movie bad although awful dull was quite story awful skip hated,-1
characters little nice somewhat good actually very,1
excellent recommend very just rather forgettable little a although still although good although characters,1
acting somewhat recommend little very too nicely rather enjoyed done a recommend story although,1
well a film rather made fine much much the too story fine just,1
nice although however was just very recommend was plot was fine,1
is bad story rather little acting not avoid little terrible script although recommend script still,-1
quite was little film actually plot rather well very little well interesting decent somewhat,1
well made fun rather story good but film rather very well plot,1
overall was film fun the but decent somewhat film characters enjoyed story little,1
much but plot weak much well great however but well is plot a,1
bad much poor quite a cheap film much avoid acting avoid,-1
terrible much somewhat somewhat terrible but enjoyed story too terrible,-1
waste overall acting but poor somewhat is,-1
disappointing very forgettable was overall story still was,-1
forgettable however quite characters is solid a script great characters quite however somewhat,1
worth not a poor was actually overall however waste actually excellent is rather,-1
very bad too overall still somewhat not still little great too slow the,-1
plot enjoyed a acting plot a fine script well script excellent much enjoyed movie,1
well actually the overall overall great just acted decent still excellent weak great but overall acting,1
was film worth cheap much however terrible quite movie awful overall avoid,-1
still not fun dull overall slow although but very poor great the still characters story,-1
poor waste pretty movie awful bad story too awful although still however too disappointing somewhat,-1
pleasant excellent well interesting is well however somewhat movie just,1
great fine pretty plot good but is poor worth overall film but the,1
not is recommend still however movie waste although but dull movie,-1
was bad not recommend little plot plot terrible acting film still hated slow hated,-1
dull terrible plot cheap just plot disappointing overall recommend although boring,-1
overall somewhat awful boring hated very boring waste is story was,-1
is slow however characters plot still but poor poor script although characters is,-1
good well is just is is liked overall solid is overall,1
worth a script a still not dull very but however although dull rather waste just,-1
badly script poor poor rather is skip is boring just skip written however film,-1
quite script waste characters rather little film overall script boring fun dull plot,-1
but although terrible worth acting very however somewhat disappointing a little dull not,-1
decent cheap although terrible plot plot too however characters just dull very boring overall quite,-1
very however solid rather interesting actually overall movie pleasant however the acting solid quite,1
quite terrible fine characters much avoid rather written slow badly very rather,-1
fun fine done liked rather pleasant acting movie however however good nicely,1
rather is skip acted interesting pleasant pleasant characters rather well somewhat somewhat,1
excellent just rather solid much enjoyed the done much acting nicely recommend,1
very rather although enjoyed but great much still great overall although nice but the nice,1
just interesting acting however plot very however a however excellent was,1
hated too rather movie not rather waste dull worth actually still movie much little,-1
excellent quite acting liked although although well good recommend a just very excellent although,1
very good good script little actually is however but pleasant,1
story very slow skip interesting just quite disappointing forgettable slow still avoid acting actually the somewhat,-1
story cheap plot boring quite overall characters film actually cheap script slow quite somewhat,-1
however acting the but much the plot waste much liked good well good however very,1
the pleasant is decent fun not good bad plot recommend actually is very was,1
the liked little liked but boring fine although not film worth solid,1
recommend skip still boring overall acting actually forgettable however slow poor,-1
characters plot but is just decent a enjoyed film,1
rather acting however plot was dull fun much film very slow awful,-1
the enjoyed is good quite a was,1
waste very overall although somewhat rather still actually quite rather actually weak bad,-1
movie plot avoid overall actually just forgettable poor actually,-1
written a little quite although was waste although boring badly somewhat much was,-1
much although movie rather cheap story a but overall terrible too boring waste however dull,-1
too actually pretty was cheap waste disappointing script bad much just,-1
just slow boring just somewhat the quite terrible story movie story rather boring very much,-1
just the actually quite skip overall interesting not nice characters quite liked too bad worth characters,1
little just the acting pleasant written just worth well quite plot acting film decent,1
boring but acting a a however acting waste little poor quite script,-1
the characters is script little plot too great is hated rather forgettable awful not hated,-1
little made great worth the characters rather very recommend well a somewhat still is,1
but nice excellent however is acting was great skip script much but enjoyed,1
is too excellent however quite good very recommend although,1
still story bad great overall quite excellent very overall still actually worth not actually,1
avoid although script but terrible terrible not dull however overall great boring,-1
not a however still actually film just great too pleasant fun boring interesting but movie interesting,1
however characters characters much somewhat fine but decent,1
characters boring but acting however movie boring slow cheap forgettable,-1
disappointing forgettable forgettable the was the acting terrible very rather terrible,-1
rather well liked quite recommend overall is film a was acted although however,1
nice the liked rather nicely little done fun little acting film but script but,1
pleasant film liked disappointing just characters boring excellent good not actually just,1
too script fun but too film script worth recommend liked,1
script very was hated pretty is poor quite bad overall,-1
plot is quite forgettable forgettable terrible much story script characters still cheap acting skip,-1
dull the forgettable actually overall weak terrible boring script bad rather movie just fine quite,-1
not weak is waste too just somewhat awful worth too,-1
rather bad acting but although worth script just very not solid interesting story fun,1
not liked plot characters but although good bad overall disappointing much poor much script script,-1
overall was fine fun interesting very worth a but,1
waste film is avoid movie plot little dull acting little somewhat just movie,-1
terrible characters actually acting story plot much bad film forgettable little quite,-1
actually a characters awful plot overall just somewhat poor story poor is disappointing slow,-1
rather hated nice is movie was characters worth decent worth rather fine very very acting,1
well still but script the still much liked a excellent very overall quite solid,1
skip a actually weak recommend quite poor actually recommend was a acting not boring acting was,-1
story disappointing recommend overall movie story decent but however but a film,1
nice is fine overall acted well was interesting story nice film a worth,1
movie acting rather made hated although awful poorly script cheap the boring is plot although,-1
solid pretty rather quite very actually story script good is although great,1
story boring weak characters story however forgettable waste movie weak acting is,-1
however the acting much rather a actually much story acting forgettable slow awful hated,-1
recommend nice although quite solid just somewhat little film,1
nice much pleasant is decent pleasant rather enjoyed movie although,1
the very too weak very disappointing quite actually acting is disappointing movie terrible acting,-1
too pleasant bad overall fun much the script story still not somewhat characters,1
quite awful not was just skip avoid hated good however slow little,-1
the was pleasant although pleasant fun rather excellent characters,1
slow nice forgettable very disappointing just dull very was film hated actually,-1
terrible film worth avoid movie story much was very slow dull,-1
script excellent well actually still well rather movie acted liked still great just film film characters,1
overall too very liked somewhat but solid well was fine is still just plot fine,1
however good liked although plot great liked rather just decent,1
avoid forgettable plot pretty was rather terrible bad just poor little however film,-1
is plot is much rather fine overall excellent is the very,1
well decent but is although acting written actually interesting skip solid actually,1
plot decent solid acting the the script recommend somewhat excellent little,1
quite hated script is made film little poorly bad the characters,-1
skip quite somewhat boring disappointing movie script acting is acting just terrible just,-1
however actually nice story solid great is decent worth however script still,1
recommend is script is film fun solid little fine is film is,1
much great still although quite acting too recommend is recommend worth highly very excellent however fine actually,1
too but quite overall boring although poor acting awful characters,-1
waste characters boring weak although bad pretty however characters movie a script much very skip although,-1
bad very story but fun the avoid although disappointing overall forgettable,-1
just was characters however disappointing hated boring is however just,-1
much liked was just but bad interesting somewhat script nice movie decent however,1
terrible hated somewhat overall hated however actually disappointing story hated story,-1
interesting movie fine recommend was is interesting good story solid film quite,1
avoid was great characters but not however overall skip disappointing poor,-1
although quite quite is actually a little liked much excellent,1
waste but not plot very movie film much was although great terrible,-1
forgettable acting overall somewhat little little bad terrible,-1
well quite pleasant liked was plot plot very story decent story liked story movie still written solid skip,1
liked quite script acting was hated just hated is the slow,-1
skip story much dull too skip hated just much a disappointing,-1
just overall avoid somewhat pleasant poor although boring somewhat is poor story awful quite too slow,-1
film liked much little fine characters rather plot film fun little bad overall script not,1
characters somewhat too is overall characters nice although great well film fine overall however solid,1
overall nice rather just interesting characters fine quite liked a well was,1
still very the much actually little recommend acting script the recommend worth boring well enjoyed,1
actually interesting movie very weak a however dull quite rather terrible although,-1
terrible film too script quite boring somewhat cheap film just awful quite film,-1
although interesting worth fine still just script little,1
but solid however is decent written well recommend script too forgettable although enjoyed movie somewhat acting,1
little just rather skip skip actually quite skip,-1
still done very just movie nice nice worth nicely rather little,1
not script but quite excellent somewhat movie good the acting boring quite but solid,1
enjoyed the actually cheap much movie hated waste film somewhat,-1
however just film well the recommend nice much the pleasant,1
the characters somewhat done nicely overall plot although excellent still solid,1
too story fine somewhat well was fine well but written nice well,1
slow very dull dull still acting recommend script just not script story terrible,-1
fun actually still rather forgettable actually skip disappointing although forgettable,-1
dull slow film film not good film still actually film little acting somewhat waste,-1
avoid bad little slow somewhat very rather quite the movie however actually the too bad,-1
fun forgettable very slow but acting a overall made weak characters hated poorly just,-1
good good recommend just worth acting a enjoyed quite story very,1
terrible very too a story just acting dull awful much however slow pleasant,-1
story still still dull not bad recommend excellent script cheap a is poor characters avoid,-1
nicely very too fun much plot little interesting done decent quite,1
still film great little rather characters good plot fine but interesting story is,1
however bad disappointing although poor characters actually pretty just skip plot weak overall characters excellent somewhat,-1
not avoid terrible script plot boring awful characters somewhat great but just still still too awful,-1
script a although overall is too enjoyed movie great still quite still excellent fine,1
story not rather weak although overall plot rather worth film just avoid just is,-1
bad slow characters still script rather is too but,-1
the film script dull dull too however terrible story overall is,-1
a overall acted still well quite is well story just acting quite nice nice film,1
cheap movie a little too rather terrible acting characters is,-1
hated is disappointing dull too still very film slow however avoid cheap,-1
rather overall much movie just interesting still little great cheap script rather very,1
worth but script fun a but quite good script film excellent decent,1
movie was overall decent fun film quite the recommend good liked pretty however,1
hated much badly still little although disappointing written avoid overall script movie cheap little,-1
enjoyed although not the film fine but fine boring much much still,1
was is enjoyed great good still film acting pretty,1
much much script boring great however the but characters terrible much,-1
just a little film actually a overall however characters liked is excellent liked not enjoyed bad,1
however quite worth well written pleasant characters but nice pleasant movie a,1
very just somewhat waste script boring actually hated too quite slow awful,-1
script somewhat slow movie characters awful however,-1
is script interesting was waste movie movie overall fine,1
dull however dull still somewhat characters recommend forgettable is not much script quite,-1
fun still not rather but overall story boring nice overall pleasant,1
a quite actually dull rather is forgettable dull,-1
but although pleasant worth terrible rather overall the film movie fine acting story movie,1
script much just avoid disappointing the film although poor poorly actually although made,-1
characters just decent liked very just interesting good was somewhat interesting,1
too a still very quite very disappointing the awful the skip film cheap solid,-1
the was but fine somewhat solid excellent much rather,1
actually overall rather cheap dull somewhat plot poor bad but very movie still,-1
story pleasant good terrible good acting just little quite fun too,1
overall quite much a boring still bad avoid film liked film little dull,-1
much disappointing dull acting however story the disappointing very slow is avoid bad just is,-1
overall actually a good is good characters worth much very overall somewhat somewhat,1
well decent well fine made acting is the is recommend actually excellent the,1
boring worth script bad hated but recommend weak but acting not somewhat boring actually however,-1
worth somewhat film overall however enjoyed although film liked somewhat little although fun the,1
script just just plot great quite very interesting,1
too skip although overall is however waste,-1
acting badly terrible forgettable poor very little story written weak avoid script script,-1
movie just much much avoid disappointing a still,-1
just little waste somewhat slow good very awful just story,-1
hated too terrible poor somewhat just too disappointing but,-1
script liked movie waste but fine quite however solid enjoyed rather acting well written,1
recommend somewhat although much very excellent script good still good recommend still excellent very somewhat,1
bad characters forgettable plot story just little was plot slow film film disappointing disappointing pretty still boring,-1
acting but much actually cheap just disappointing,-1
cheap overall although plot forgettable but much the avoid but story dull badly written but script fine boring,-1
just pleasant characters fine somewhat still liked plot interesting,1
bad although although just actually cheap rather actually but skip much,-1
terrible however the was too little cheap story cheap too story,-1
still but forgettable too bad script characters the the film however skip terrible dull,-1
little forgettable very film acting slow plot very movie too bad is quite,-1
story interesting overall interesting the too nice although movie still plot,1
fun highly little characters excellent much fine although too the recommend little overall interesting quite,1
plot good quite movie the but cheap poor just although terrible still still,-1
somewhat well however just story recommend the,1
somewhat is very much weak avoid avoid boring quite much story,-1
much much actually much avoid poor the overall too,-1
worth although a pleasant nice however somewhat the much well enjoyed much little,1
nice decent fine actually well very is too disappointing quite good quite solid however,1
plot weak actually characters disappointing too very is poor although little weak acting characters,-1
was overall nice plot but rather actually however enjoyed is,1
weak avoid bad forgettable somewhat film still plot little weak characters very rather cheap little,-1
actually but avoid too a waste is,-1
forgettable little waste overall little is awful a actually is disappointing,-1
waste bad cheap much little however however bad very the avoid characters,-1
cheap movie very the movie a however was recommend very awful the slow,-1
liked story acting plot script pleasant but film a a little too,1
acting good story interesting great characters plot the,1
forgettable much bad story very too waste avoid too the is still skip,-1
rather the was solid just interesting actually recommend,1
acting too film just although dull cheap a dull poor dull,-1
plot is overall characters worth is liked although was,1
still well enjoyed somewhat script story too just great pretty great decent much good,1
movie but forgettable the is is bad avoid very film but disappointing little liked,-1
nice little overall film quite rather nice good too worth overall somewhat much somewhat,1
quite terrible movie rather rather film liked still skip,-1
avoid overall the very was just the slow too weak plot enjoyed rather,-1
however however liked was pretty overall somewhat actually good story good however film is,1
rather still avoid skip movie made is characters slow poorly,-1
is the was script weak the hated but was script film boring actually,-1
disappointing hated movie rather too characters slow little waste hated the,-1
little characters rather well was characters made but the fun liked much interesting is was,1
liked actually bad is a story not still a was interesting very script,1
enjoyed film but a fun movie script however but liked rather recommend,1
is the but interesting pleasant liked still plot,1
script very but hated movie characters rather bad avoid awful was badly waste acting acting written actually,-1
still poor just still skip dull quite not worth although rather,-1
the quite script story acted plot the fun overall but somewhat well a pleasant,1
too hated much the much script rather characters weak rather boring but,-1
acting however movie boring good cheap was somewhat not very,-1
slow the film dull rather however made movie script slow movie awful poorly actually,-1
film very a too but slow movie boring but not still was great,-1
boring slow very actually characters was quite terrible just plot overall story,-1
good film well pleasant rather somewhat worth weak script actually recommend somewhat quite pleasant overall,1
liked pleasant worth the enjoyed good rather worth a still acting quite,1
fine film quite quite written the quite well enjoyed enjoyed actually,1
slow actually dull somewhat very waste overall little plot,-1
characters just a characters too very overall enjoyed much nice was,1
was terrible made is poor skip a actually is poorly quite quite actually,-1
weak a a however acting little much disappointing although,-1
just movie script script was hated script weak avoid,-1
although is slow acting avoid awful overall avoid plot rather skip,-1
a but worth not plot acting was bad well fun somewhat overall,1
enjoyed however avoid little much a overall great hated not too plot,-1
solid pleasant nice somewhat script is movie however characters very fun plot interesting acting,1
movie film movie well very overall film acting well the good characters liked,1
interesting done quite very too very is overall great script was pleasant very story nicely,1
however a excellent well a film was waste fine script was made characters too acting,1
worth worth excellent movie just much pretty although film great solid good,1
overall was movie overall awful too much boring skip movie,-1
the acting plot is film still actually liked script solid,1
excellent just well somewhat still somewhat much still pleasant nice little good,1
quite actually somewhat bad somewhat plot just poor terrible boring much disappointing although although very boring,-1
bad good quite boring still still script skip skip film was however,-1
waste somewhat somewhat still the forgettable the although script,-1
just too fun skip enjoyed somewhat a plot rather,1
well acting too fun made the a plot movie still characters well excellent worth,1
characters very great the enjoyed great somewhat little recommend is,1
very dull dull story avoid avoid somewhat much however,-1
overall poor movie good not disappointing too quite much terrible but terrible movie,-1
well however little decent awful just script rather not still story somewhat was great film boring,1
recommend little decent was little forgettable still however acting,1
script acting poor quite but slow disappointing boring story bad although badly the characters written however,-1
story plot good plot plot worth characters characters rather is,1
very plot is excellent too little liked decent well is recommend story overall characters was,1
little cheap weak quite little rather is plot great,-1
little quite disappointing badly awful written overall quite acting,-1
acted excellent was excellent much too the quite well movie although,1
although although film solid worth good decent pretty somewhat was fun just very rather overall,1
just excellent very made actually just a little still is forgettable skip is poorly,-1
somewhat too however story decent movie fun well,1
quite liked quite fun movie film nice quite excellent acting excellent terrible,1
film avoid slow not overall the acting characters rather much good,-1
good very great but little liked film quite avoid recommend very much movie fun acting actually,1
characters great overall very much nice overall good interesting,1
quite plot boring weak acting somewhat forgettable excellent much avoid still,-1
plot pleasant was nice acting the fun somewhat quite decent,1
little highly still too nice recommend little very enjoyed quite,1
although quite avoid still somewhat somewhat waste was a skip very too awful hated,-1
overall weak written little story story awful badly little somewhat just rather dull however too boring,-1
excellent still little overall much decent boring worth acting enjoyed plot story little actually great script,1
the quite but little script the great little rather liked,1
weak but is avoid was not story quite boring much worth slow,-1
nice too movie still story well too although actually nice liked was script written but,1
just waste the actually however although although fun pleasant,1
however little much slow cheap however however,-1
very a decent decent characters characters plot quite decent little still,1
is acting but good cheap movie great solid well interesting actually very,1
enjoyed characters bad rather pleasant characters solid a but,1
waste somewhat still hated still boring rather terrible poor characters,-1
done a movie nicely the worth liked story a,1
bad characters little very characters boring little story poor great characters much the,-1
good too is the a worth much well well just a story acting,1
interesting movie a recommend is pleasant well worth script little very very good a quite,1
was overall acting rather script little still little very skip slow,-1
boring skip quite although terrible acting actually but just slow forgettable,-1
somewhat movie characters still script just recommend somewhat excellent interesting a was forgettable fine actually,1
interesting was story although little excellent a little quite good,1
overall too a hated terrible dull just actually cheap characters awful,-1
dull little film poor not dull actually worth excellent movie just poor little,-1
too the just dull little the terrible bad quite skip not avoid worth,-1
bad a characters a written actually badly disappointing film somewhat acting rather,-1
awful still somewhat skip terrible quite rather skip script,-1
rather overall dull although but bad dull although disappointing too however,-1
however quite not however forgettable rather although avoid cheap waste recommend disappointing very,-1
actually is fun rather however just little decent script acting little,1
good acting film fine good much story characters,1
plot film overall highly just recommend still acting solid interesting movie,1
actually but overall just fine bad little too very not decent somewhat,1
actually was very hated boring waste still is film somewhat waste too,-1
but fun good was just excellent decent nice although pretty however,1
was disappointing little too too poor too was little dull,-1
little quite however was great well the still however,1
avoid decent recommend good quite much very the is however,1
script boring much very much nice dull movie dull avoid,-1
was film boring skip cheap very slow little story somewhat slow just,-1
story however very plot poor plot slow a cheap,-1
but a is well quite characters nice just made actually pleasant script but solid was,1
script fine a enjoyed fun the very overall fine,1
awful terrible still skip still cheap a quite but,-1
decent good acting fine solid is is little just very,1
slow script very cheap acting little fun quite hated film boring still,-1
not actually quite recommend is little but bad bad story,-1
characters the however but nice well hated made just too little plot is too nice,1
awful avoid movie slow much still hated recommend movie fine movie not dull just overall characters,-1
the liked somewhat interesting plot quite movie the liked acted well,1
characters is movie somewhat poor too poor plot film avoid somewhat bad overall quite,-1
recommend fine acting highly movie much good characters interesting however,1
forgettable little made waste characters is but actually disappointing poor was quite poorly actually boring quite,-1
nice still decent little but movie solid good enjoyed acting,1
is characters very much however hated overall film slow a boring little,-1
a decent a well movie much recommend however acting written the liked the still fine somewhat,1
is story quite bad characters quite skip slow slow but is decent film skip,-1
script film poor still quite slow very rather quite bad,-1
interesting fine liked movie script somewhat actually story,1
script just very worth rather overall but interesting,1
very was much the much poor actually little much actually hated slow,-1
waste however just written although cheap skip too badly a boring somewhat,-1
was acting well just just skip interesting somewhat much,1
plot was terrible overall movie little is however weak bad avoid somewhat avoid pretty,-1
excellent script good a rather a too was rather,1
recommend pleasant movie plot nice excellent plot done very nicely fun much,1
quite little although poor poor little very was nice too boring plot,-1
well however solid overall good plot however cheap story is still quite,1
waste quite film slow skip waste the but however,-1
well interesting just very characters film nice fine weak story acting good a rather still rather,1
rather little waste awful very story somewhat plot very disappointing boring too just excellent recommend cheap not script,-1
nicely acting still fine fine however liked quite was done decent liked,1
somewhat weak awful cheap cheap film somewhat but actually the very poor,-1
plot a waste waste however hated but a story was,-1
characters interesting much recommend although much well story but acting enjoyed highly overall overall film good,1
plot worth a great rather somewhat the was fine well excellent acted,1
the much movie fun liked was although overall plot decent movie is,1
overall although script nice excellent the boring recommend too story not somewhat much,1
film recommend just very recommend highly was very good liked solid but but bad liked was little,1
still film slow very too boring too film,-1
recommend the much bad quite worth overall the the liked just somewhat worth very not film,1
movie waste overall quite was was quite boring was is skip rather rather,-1
script film actually made a little overall characters story well enjoyed quite liked excellent much,1
although plot movie good too recommend fun rather good still rather well but film much written,1
somewhat somewhat not well boring pleasant pleasant bad great story but however,1
quite recommend plot great movie solid well acted quite little pleasant,1
cheap rather rather too plot story however story boring actually too poor poor actually,-1
badly terrible written very script awful although waste still however,-1
however characters was fine acting very but story worth was nice nice worth,1
fun however however just overall a is interesting little,1
still plot still excellent worth worth somewhat just much fun overall overall solid film,1
script nice although the plot movie interesting pleasant done story good characters rather well nicely,1
boring a too quite slow actually characters boring great but slow actually story actually,-1
fun little the recommend story worth actually enjoyed acting well,1
however movie quite hated rather little script waste was,-1
characters waste awful was story quite quite avoid hated plot actually plot,-1
still quite acting was script quite recommend was excellent too still hated just,1
somewhat film was although much solid rather very bad enjoyed recommend the recommend,1
story is much very bad characters plot hated overall,-1
recommend the characters quite fun actually forgettable however nice good,1
was slow overall slow but was waste script but cheap poor but although is rather,-1
quite interesting good pleasant liked actually much acting movie solid,1
somewhat well was excellent movie somewhat made a although worth,1
excellent well overall solid somewhat was much acting made too is however although,1
good good little boring the little not quite a fun interesting acting worth,1
characters too film somewhat however acting somewhat too terrible poor,-1
well very characters recommend the good overall film rather plot nice recommend made the,1
however quite is great quite movie acted but liked somewhat however well recommend rather liked actually fun,1
forgettable but was still just plot bad written too little badly,-1
too the made the overall overall plot recommend although script the a nice well,1
bad overall although but not characters was pleasant boring excellent,1
movie little however much movie solid much slow actually pleasant acting,1
although slow characters somewhat good recommend is the a movie worth the nice,1
recommend script actually a was rather pleasant awful was solid,1
story is film weak story however cheap cheap actually much,-1
much very much dull slow quite slow little rather however film weak slow,-1
quite is acting actually the still quite solid good not plot poor cheap,-1
but acting although is much script well plot rather decent,1
plot poor terrible very acting very waste is poor characters somewhat slow,-1
interesting just movie characters decent overall little done plot excellent still nicely although well,1
actually although boring somewhat fun much acting fine much acting,1
characters skip poor however the although much script somewhat bad bad,-1
bad but script somewhat still rather rather just very a terrible terrible however,-1
avoid slow plot but disappointing rather was forgettable much great not weak,-1
story decent solid written actually fun is fine rather well too,1
was characters awful a film little boring awful hated overall too,-1
fine cheap just hated hated overall overall still the script actually plot avoid but,-1
hated very is little still too awful much very much story skip,-1
written terrible bad very just quite terrible cheap little plot weak badly rather,-1
well weak somewhat the awful was actually somewhat avoid skip poor rather a movie somewhat,-1
script characters avoid acting story awful forgettable actually dull,-1
disappointing but story too very bad boring too skip was avoid still,-1
is bad excellent hated just was recommend terrible disappointing although not but,-1
enjoyed liked fun is however good very is little rather story,1
waste just acting acting poor bad disappointing pretty quite the movie waste the forgettable,-1
the cheap plot film pretty actually very quite terrible still rather bad movie,-1
waste a poor made somewhat poorly film somewhat is dull much however acting dull was,-1
little just bad film overall still just dull story still avoid but although,-1
however worth overall enjoyed film bad liked script film fun is not,1
skip still weak weak quite acting too film overall still boring the nice bad,-1
was rather quite solid although however plot quite fun acting quite still nicely done worth slow enjoyed,1
forgettable a written badly characters terrible boring slow overall overall poor movie,-1
not plot little little movie fun but rather boring script still excellent however story,1
acting terrible too characters not much but however script terrible much but a good,-1
but very rather made very poorly still story disappointing skip movie,-1
overall just cheap movie but however although dull,-1
a nice nicely a forgettable was was actually still acting done but liked,1
the too worth little film fine characters much actually too good quite,1
not too just quite a terrible plot story forgettable but much somewhat the slow good,-1
much quite worth not characters awful boring forgettable still plot script,-1
was waste poor not very but much story dull dull is recommend overall,-1
but interesting pretty decent actually although very good story still characters was good,1
bad forgettable although acting too story characters too bad,-1
worth film made interesting still but just although disappointing well,1
quite good excellent pretty nice well characters rather film just,1
worth movie but rather quite script boring too solid decent but liked not fun,1
rather overall much but quite decent pretty solid good much solid story,1
actually is worth very movie plot a too interesting much excellent worth well,1
plot much awful although however film awful,-1
very excellent much film liked interesting rather solid movie just plot movie good,1
movie script script very very is not good boring was pleasant,1
film a however pleasant although overall great very well acted quite much characters the,1
enjoyed good overall waste hated not acting very dull forgettable too is dull movie,-1
a although movie too somewhat just disappointing weak,-1
rather is characters terrible a movie actually solid somewhat forgettable,-1
although avoid boring too a characters although avoid,-1
interesting good solid just but just solid good quite rather excellent boring very,1
the bad too somewhat plot story overall not somewhat actually fun but interesting terrible,1
actually excellent is overall enjoyed decent much actually rather overall enjoyed very,1
enjoyed script pretty worth good but poor pleasant film liked just a the,1
skip script much but weak acting waste film however actually much liked acting terrible plot,-1
plot although too is not boring although recommend decent very well,1
poor was hated the rather was awful somewhat very boring pretty film the however bad characters dull,-1
bad terrible film still slow still overall too slow just was,-1
decent is solid film great a decent film recommend interesting highly however however terrible,1
terrible the quite plot dull script somewhat although still the movie quite pleasant waste,-1
little the dull cheap skip although much poor too script characters dull,-1
acting film boring avoid forgettable not great much still skip characters but too rather just,-1
terrible plot very acting waste however overall avoid a but,-1
rather good skip but very very somewhat characters the too skip,-1
however just film good fun movie fine just,1
film somewhat too plot very rather somewhat bad slow waste slow well,-1
however slow somewhat awful but little plot hated awful little,-1
story forgettable weak somewhat film excellent good not much hated characters,-1
although somewhat but well worth recommend was highly but actually just but,1
overall good nice pleasant film very overall too overall still fun a but,1
although film very boring actually too skip waste hated plot quite although bad quite,-1
good good still a characters recommend story worth rather actually quite fun little acting somewhat good although,1
little not however awful awful very bad terrible film good actually characters rather,-1
characters much well too just fine little acting made although rather good,1
movie characters overall interesting enjoyed but characters however little a however nice,1
enjoyed much is fine acting skip story fine a characters rather although however but recommend liked,1
